{
  "lang":"en",
  "name":"pipeline",
  "version":"0.0.0",
  "spacy_version":">=3.8.7,<3.9.0",
  "description":"",
  "author":"",
  "email":"",
  "url":"",
  "license":"",
  "spacy_git_version":"4b65aa7",
  "vectors":{
    "width":300,
    "vectors":342918,
    "keys":684830,
    "name":"en_vectors",
    "mode":"default"
  },
  "labels":{
    "tok2vec":[

    ],
    "ner":[
      "CERTIFICATION",
      "COMPANY_NAME",
      "DEGREE",
      "EMAIL_ADDRESS",
      "END_DATE",
      "HONOR_AWARDS",
      "JOB_TITLE",
      "LANGUAGES",
      "MAJOR",
      "NAME",
      "PHONE_NUMBER",
      "SOFT_SKILL",
      "START_DATE",
      "TECHNICAL_SKILL",
      "UNIVERSITY",
      "YEARS_OF_EXP"
    ]
  },
  "pipeline":[
    "tok2vec",
    "ner"
  ],
  "components":[
    "tok2vec",
    "ner"
  ],
  "disabled":[

  ],
  "performance":{
    "ents_f":0.7292912041,
    "ents_p":0.7504393673,
    "ents_r":0.7093023256,
    "ents_per_type":{
      "TECHNICAL_SKILL":{
        "p":0.7258883249,
        "r":0.669005848,
        "f":0.6962872794
      },
      "LANGUAGES":{
        "p":1.0,
        "r":0.7333333333,
        "f":0.8461538462
      },
      "COMPANY_NAME":{
        "p":0.6486486486,
        "r":0.7741935484,
        "f":0.7058823529
      },
      "CERTIFICATION":{
        "p":0.8333333333,
        "r":0.4761904762,
        "f":0.6060606061
      },
      "SOFT_SKILL":{
        "p":0.5306122449,
        "r":0.5098039216,
        "f":0.52
      },
      "NAME":{
        "p":1.0,
        "r":0.45,
        "f":0.6206896552
      },
      "JOB_TITLE":{
        "p":0.8205128205,
        "r":0.8067226891,
        "f":0.813559322
      },
      "START_DATE":{
        "p":1.0,
        "r":0.9583333333,
        "f":0.9787234043
      },
      "END_DATE":{
        "p":0.9714285714,
        "r":0.9714285714,
        "f":0.9714285714
      },
      "YEARS_OF_EXP":{
        "p":0.9120879121,
        "r":0.7830188679,
        "f":0.8426395939
      },
      "UNIVERSITY":{
        "p":0.8082191781,
        "r":0.7972972973,
        "f":0.8027210884
      },
      "DEGREE":{
        "p":0.7454545455,
        "r":0.7735849057,
        "f":0.7592592593
      },
      "MAJOR":{
        "p":0.7297297297,
        "r":0.675,
        "f":0.7012987013
      },
      "HONOR_AWARDS":{
        "p":0.125,
        "r":0.3333333333,
        "f":0.1818181818
      },
      "EMAIL_ADDRESS":{
        "p":1.0,
        "r":1.0,
        "f":1.0
      }
    },
    "tok2vec_loss":1458.8606903267,
    "ner_loss":2132.8735351562
  }
}